statement_id,statement_date,period_start,period_end,landlord_reg_number,landlord_name,landlord_email,landlord_phone,landlord_address,bank_account_name,bank_name,bank_account_number,bank_sort_code,property_alias,property_type,property_address,property_city,property_postcode,property_bedrooms,tenant_first_name,tenant_last_name,tenant_email,tenant_phone,lease_start_date,lease_end_date,lease_monthly_rent,lease_deposit_amount,assigned_agent_name,assigned_agent_role,assigned_agent_email,rent,management_fee,repair,deposit,misc,total,contractor_company,contractor_contact,contractor_phone,contractor_service_type,note,pay_date
1490,4/21/2022,05/01/2022,5/31/2022,7384219/118/10028,James McAllister,james.mcallister@email.com,07700 900101,"45 High Street, Glasgow, G1 1AA",James McAllister,Bank of Scotland,12345678,80-11-22,"97B Dempster Road,PA15 4ED",Flat,97B Dempster Road,Greenock,PA15 4ED,2,John,Murray,j.murray@email.com,07756 789012,2024-05-26,,425,425,Emma Thompson,Property Manager,emma.t@agency.com,991.67,360,0,350,0,281.67,,,,,,4/23/2022
1542,06/07/2022,06/01/2022,6/30/2022,7384219/118/10028,James McAllister,james.mcallister@email.com,07700 900101,"45 High Street, Glasgow, G1 1AA",James McAllister,Bank of Scotland,12345678,80-11-22,"97B Dempster Road,PA15 4ED",Flat,97B Dempster Road,Greenock,PA15 4ED,2,John,Murray,j.murray@email.com,07756 789012,2024-05-26,,425,425,Emma Thompson,Property Manager,emma.t@agency.com,350,35,149.5,0,15,150.5,SafeGas Services,Bob Williams,0141 445 3333,Gas/Heating,boiler and plubming; credit check,06/08/2022
1573,07/05/2022,07/01/2022,7/15/2022,7384219/118/10028,James McAllister,james.mcallister@email.com,07700 900101,"45 High Street, Glasgow, G1 1AA",James McAllister,Bank of Scotland,12345678,80-11-22,"97B Dempster Road,PA15 4ED",Flat,97B Dempster Road,Greenock,PA15 4ED,2,John,Murray,j.murray@email.com,07756 789012,2024-05-26,,425,425,Emma Thompson,Property Manager,emma.t@agency.com,169.35,16.94,0,0,152.41,0,,,,,Council tax,07/05/2022
1623,8/24/2022,,,7384219/118/10028,James McAllister,james.mcallister@email.com,07700 900101,"45 High Street, Glasgow, G1 1AA",James McAllister,Bank of Scotland,12345678,80-11-22,"97B Dempster Road,PA15 4ED",Flat,97B Dempster Road,Greenock,PA15 4ED,2,John,Murray,j.murray@email.com,07756 789012,2024-05-26,,425,425,Emma Thompson,Property Manager,emma.t@agency.com,0,0,0,0,-0.01,0.01,,,,,council tax refund,8/24/2022
1645,09/08/2022,09/01/2022,9/30/2022,7384219/118/10028,James McAllister,james.mcallister@email.com,07700 900101,"45 High Street, Glasgow, G1 1AA",James McAllister,Bank of Scotland,12345678,80-11-22,"97B Dempster Road,PA15 4ED",Flat,97B Dempster Road,Greenock,PA15 4ED,2,John,Murray,j.murray@email.com,07756 789012,2024-05-26,,425,425,Emma Thompson,Property Manager,emma.t@agency.com,700,35,0,350,0,315,,,,,,09/08/2022
1670,10/07/2022,10/01/2022,10/31/2022,7384219/118/10028,James McAllister,james.mcallister@email.com,07700 900101,"45 High Street, Glasgow, G1 1AA",James McAllister,Bank of Scotland,12345678,80-11-22,"97B Dempster Road,PA15 4ED",Flat,97B Dempster Road,Greenock,PA15 4ED,2,John,Murray,j.murray@email.com,07756 789012,2024-05-26,,425,425,Emma Thompson,Property Manager,emma.t@agency.com,350,35,0,0,60,255,,,,,credit check; Standing charge for empty period on energy meters,10/08/2022
1706,11/01/2022,11/01/2022,11/30/2022,7384219/118/10028,James McAllister,james.mcallister@email.com,07700 900101,"45 High Street, Glasgow, G1 1AA",James McAllister,Bank of Scotland,12345678,80-11-22,"97B Dempster Road,PA15 4ED",Flat,97B Dempster Road,Greenock,PA15 4ED,2,John,Murray,j.murray@email.com,07756 789012,2024-05-26,,425,425,Emma Thompson,Property Manager,emma.t@agency.com,350,35,220,0,0,95,,,,,,11/01/2022
1748,12/01/2022,12/01/2022,12/31/2022,7384219/118/10028,James McAllister,james.mcallister@email.com,07700 900101,"45 High Street, Glasgow, G1 1AA",James McAllister,Bank of Scotland,12345678,80-11-22,"97B Dempster Road,PA15 4ED",Flat,97B Dempster Road,Greenock,PA15 4ED,2,John,Murray,j.murray@email.com,07756 789012,2024-05-26,,425,425,Emma Thompson,Property Manager,emma.t@agency.com,350,35,0,0,0,315,,,,,,12/01/2022
1753,01/04/2023,01/01/2023,1/31/2023,7384219/118/10028,James McAllister,james.mcallister@email.com,07700 900101,"45 High Street, Glasgow, G1 1AA",James McAllister,Bank of Scotland,12345678,80-11-22,"97B Dempster Road,PA15 4ED",Flat,97B Dempster Road,Greenock,PA15 4ED,2,John,Murray,j.murray@email.com,07756 789012,2024-05-26,,425,425,Emma Thompson,Property Manager,emma.t@agency.com,350,35,0,0,0,315,,,,,,01/05/2023
1785,02/01/2023,02/01/2023,2/28/2023,7384219/118/10028,James McAllister,james.mcallister@email.com,07700 900101,"45 High Street, Glasgow, G1 1AA",James McAllister,Bank of Scotland,12345678,80-11-22,"97B Dempster Road,PA15 4ED",Flat,97B Dempster Road,Greenock,PA15 4ED,2,John,Murray,j.murray@email.com,07756 789012,2024-05-26,,425,425,Emma Thompson,Property Manager,emma.t@agency.com,350,35,0,0,0,315,,,,,,02/02/2023
1819,03/01/2023,03/01/2023,3/31/2023,7384219/118/10028,James McAllister,james.mcallister@email.com,07700 900101,"45 High Street, Glasgow, G1 1AA",James McAllister,Bank of Scotland,12345678,80-11-22,"97B Dempster Road,PA15 4ED",Flat,97B Dempster Road,Greenock,PA15 4ED,2,John,Murray,j.murray@email.com,07756 789012,2024-05-26,,425,425,Emma Thompson,Property Manager,emma.t@agency.com,350,35,0,0,0,315,,,,,,03/02/2023
2839,04/03/2023,04/01/2023,4/30/2023,7384219/118/10028,James McAllister,james.mcallister@email.com,07700 900101,"45 High Street, Glasgow, G1 1AA",James McAllister,Bank of Scotland,12345678,80-11-22,"97B Dempster Road,PA15 4ED",Flat,97B Dempster Road,Greenock,PA15 4ED,2,John,Murray,j.murray@email.com,07756 789012,2024-05-26,,425,425,Emma Thompson,Property Manager,emma.t@agency.com,350,35,0,0,0,315,,,,,,04/03/2023
2871,05/02/2023,05/01/2023,5/31/2023,7384219/118/10028,James McAllister,james.mcallister@email.com,07700 900101,"45 High Street, Glasgow, G1 1AA",James McAllister,Bank of Scotland,12345678,80-11-22,"97B Dempster Road,PA15 4ED",Flat,97B Dempster Road,Greenock,PA15 4ED,2,John,Murray,j.murray@email.com,07756 789012,2024-05-26,,425,425,Emma Thompson,Property Manager,emma.t@agency.com,350,35,186,0,0,129,SafeGas Services,Bob Williams,0141 445 3333,Gas/Heating,"Annual gas safety & legionella, Supplied & fitted carbon monoxide alarm",05/03/2023
3889,06/01/2023,06/01/2023,6/30/2023,7384219/118/10028,James McAllister,james.mcallister@email.com,07700 900101,"45 High Street, Glasgow, G1 1AA",James McAllister,Bank of Scotland,12345678,80-11-22,"97B Dempster Road,PA15 4ED",Flat,97B Dempster Road,Greenock,PA15 4ED,2,John,Murray,j.murray@email.com,07756 789012,2024-05-26,,425,425,Emma Thompson,Property Manager,emma.t@agency.com,350,35,0,0,0,315,,,,,,06/01/2023
4925,07/03/2023,07/01/2023,7/31/2023,7384219/118/10028,James McAllister,james.mcallister@email.com,07700 900101,"45 High Street, Glasgow, G1 1AA",James McAllister,Bank of Scotland,12345678,80-11-22,"97B Dempster Road,PA15 4ED",Flat,97B Dempster Road,Greenock,PA15 4ED,2,John,Murray,j.murray@email.com,07756 789012,2024-05-26,,425,425,Emma Thompson,Property Manager,emma.t@agency.com,350,35,0,0,0,315,,,,,,07/04/2023
4962,08/01/2023,08/01/2023,8/31/2023,7384219/118/10028,James McAllister,james.mcallister@email.com,07700 900101,"45 High Street, Glasgow, G1 1AA",James McAllister,Bank of Scotland,12345678,80-11-22,"97B Dempster Road,PA15 4ED",Flat,97B Dempster Road,Greenock,PA15 4ED,2,John,Murray,j.murray@email.com,07756 789012,2024-05-26,,425,425,Emma Thompson,Property Manager,emma.t@agency.com,350,35,0,0,0,315,,,,,,08/01/2023
5003,09/01/2023,09/01/2023,9/30/2023,7384219/118/10028,James McAllister,james.mcallister@email.com,07700 900101,"45 High Street, Glasgow, G1 1AA",James McAllister,Bank of Scotland,12345678,80-11-22,"97B Dempster Road,PA15 4ED",Flat,97B Dempster Road,Greenock,PA15 4ED,2,John,Murray,j.murray@email.com,07756 789012,2024-05-26,,425,425,Emma Thompson,Property Manager,emma.t@agency.com,350,35,0,0,0,315,,,,,,09/01/2023
5044,10/03/2023,10/01/2023,10/31/2023,7384219/118/10028,James McAllister,james.mcallister@email.com,07700 900101,"45 High Street, Glasgow, G1 1AA",James McAllister,Bank of Scotland,12345678,80-11-22,"97B Dempster Road,PA15 4ED",Flat,97B Dempster Road,Greenock,PA15 4ED,2,John,Murray,j.murray@email.com,07756 789012,2024-05-26,,425,425,Emma Thompson,Property Manager,emma.t@agency.com,350,35,0,0,0,315,,,,,,10/03/2023
5078,11/01/2023,11/01/2023,11/30/2023,7384219/118/10028,James McAllister,james.mcallister@email.com,07700 900101,"45 High Street, Glasgow, G1 1AA",James McAllister,Bank of Scotland,12345678,80-11-22,"97B Dempster Road,PA15 4ED",Flat,97B Dempster Road,Greenock,PA15 4ED,2,John,Murray,j.murray@email.com,07756 789012,2024-05-26,,425,425,Emma Thompson,Property Manager,emma.t@agency.com,350,35,0,0,0,315,,,,,,11/01/2023
7045,12/01/2023,12/01/2023,12/31/2023,7384219/118/10028,James McAllister,james.mcallister@email.com,07700 900101,"45 High Street, Glasgow, G1 1AA",James McAllister,Bank of Scotland,12345678,80-11-22,"97B Dempster Road,PA15 4ED",Flat,97B Dempster Road,Greenock,PA15 4ED,2,John,Murray,j.murray@email.com,07756 789012,2024-05-26,,425,425,Emma Thompson,Property Manager,emma.t@agency.com,350,35,0,0,0,315,,,,,,12/01/2023
8091,02/01/2024,01/01/2024,1/31/2024,7384219/118/10028,James McAllister,james.mcallister@email.com,07700 900101,"45 High Street, Glasgow, G1 1AA",James McAllister,Bank of Scotland,12345678,80-11-22,"97B Dempster Road,PA15 4ED",Flat,97B Dempster Road,Greenock,PA15 4ED,2,John,Murray,j.murray@email.com,07756 789012,2024-05-26,,425,425,Emma Thompson,Property Manager,emma.t@agency.com,350,35,0,0,0,315,,,,,,02/02/2024
8116,03/01/2024,02/01/2024,2/29/2024,7384219/118/10028,James McAllister,james.mcallister@email.com,07700 900101,"45 High Street, Glasgow, G1 1AA",James McAllister,Bank of Scotland,12345678,80-11-22,"97B Dempster Road,PA15 4ED",Flat,97B Dempster Road,Greenock,PA15 4ED,2,John,Murray,j.murray@email.com,07756 789012,2024-05-26,,425,425,Emma Thompson,Property Manager,emma.t@agency.com,350,35,0,0,0,315,,,,,,03/01/2024
9128,04/02/2024,03/01/2024,3/30/2024,7384219/118/10028,James McAllister,james.mcallister@email.com,07700 900101,"45 High Street, Glasgow, G1 1AA",James McAllister,Bank of Scotland,12345678,80-11-22,"97B Dempster Road,PA15 4ED",Flat,97B Dempster Road,Greenock,PA15 4ED,2,John,Murray,j.murray@email.com,07756 789012,2024-05-26,,425,425,Emma Thompson,Property Manager,emma.t@agency.com,303.33,30.33,0,0,0,273,,,,,,04/02/2024
9161,4/26/2024,04/01/2024,4/30/2024,7384219/118/10028,James McAllister,james.mcallister@email.com,07700 900101,"45 High Street, Glasgow, G1 1AA",James McAllister,Bank of Scotland,12345678,80-11-22,"97B Dempster Road,PA15 4ED",Flat,97B Dempster Road,Greenock,PA15 4ED,2,John,Murray,j.murray@email.com,07756 789012,2024-05-26,,425,425,Emma Thompson,Property Manager,emma.t@agency.com,920.83,425,0,360,0,135.83,,,,,,4/27/2024
9186,06/03/2024,5/26/2024,6/25/2024,7384219/118/10028,James McAllister,james.mcallister@email.com,07700 900101,"45 High Street, Glasgow, G1 1AA",James McAllister,Bank of Scotland,12345678,80-11-22,"97B Dempster Road,PA15 4ED",Flat,97B Dempster Road,Greenock,PA15 4ED,2,John,Murray,j.murray@email.com,07756 789012,2024-05-26,,425,425,Emma Thompson,Property Manager,emma.t@agency.com,425,42.5,189,0,0,193.5,SafeGas Services,Bob Williams,0141 445 3333,Gas/Heating,"gas safety, credit check",06/03/2024
9216,07/03/2024,6/26/2024,7/25/2024,7384219/118/10028,James McAllister,james.mcallister@email.com,07700 900101,"45 High Street, Glasgow, G1 1AA",James McAllister,Bank of Scotland,12345678,80-11-22,"97B Dempster Road,PA15 4ED",Flat,97B Dempster Road,Greenock,PA15 4ED,2,John,Murray,j.murray@email.com,07756 789012,2024-05-26,,425,425,Emma Thompson,Property Manager,emma.t@agency.com,425,42.5,0,0,0,382.5,,,,,,07/04/2024
9240,08/01/2024,7/26/2024,8/25/2024,7384219/118/10028,James McAllister,james.mcallister@email.com,07700 900101,"45 High Street, Glasgow, G1 1AA",James McAllister,Bank of Scotland,12345678,80-11-22,"97B Dempster Road,PA15 4ED",Flat,97B Dempster Road,Greenock,PA15 4ED,2,John,Murray,j.murray@email.com,07756 789012,2024-05-26,,425,425,Emma Thompson,Property Manager,emma.t@agency.com,425,42.5,0,0,0,382.5,,,,,,08/02/2024
9270,09/02/2024,8/26/2024,9/25/2024,7384219/118/10028,James McAllister,james.mcallister@email.com,07700 900101,"45 High Street, Glasgow, G1 1AA",James McAllister,Bank of Scotland,12345678,80-11-22,"97B Dempster Road,PA15 4ED",Flat,97B Dempster Road,Greenock,PA15 4ED,2,John,Murray,j.murray@email.com,07756 789012,2024-05-26,,425,425,Emma Thompson,Property Manager,emma.t@agency.com,425,42.5,84,0,0,298.5,SafeGas Services,Bob Williams,0141 445 3333,Gas/Heating,call out no heating or hot water uneconomical repair,09/02/2024
9300,10/02/2024,9/26/2024,10/25/2024,7384219/118/10028,James McAllister,james.mcallister@email.com,07700 900101,"45 High Street, Glasgow, G1 1AA",James McAllister,Bank of Scotland,12345678,80-11-22,"97B Dempster Road,PA15 4ED",Flat,97B Dempster Road,Greenock,PA15 4ED,2,John,Murray,j.murray@email.com,07756 789012,2024-05-26,,425,425,Emma Thompson,Property Manager,emma.t@agency.com,425,42.5,0,0,15.3,367.2,,,,,Rent guarantee,10/02/2024
9327,11/01/2024,10/26/2024,11/25/2024,7384219/118/10028,James McAllister,james.mcallister@email.com,07700 900101,"45 High Street, Glasgow, G1 1AA",James McAllister,Bank of Scotland,12345678,80-11-22,"97B Dempster Road,PA15 4ED",Flat,97B Dempster Road,Greenock,PA15 4ED,2,John,Murray,j.murray@email.com,07756 789012,2024-05-26,,425,425,Emma Thompson,Property Manager,emma.t@agency.com,425,42.5,330,15.3,0,37.2,,,,,,11/02/2024
9361,12/02/2024,11/26/2024,12/25/2024,7384219/118/10028,James McAllister,james.mcallister@email.com,07700 900101,"45 High Street, Glasgow, G1 1AA",James McAllister,Bank of Scotland,12345678,80-11-22,"97B Dempster Road,PA15 4ED",Flat,97B Dempster Road,Greenock,PA15 4ED,2,John,Murray,j.murray@email.com,07756 789012,2024-05-26,,425,425,Emma Thompson,Property Manager,emma.t@agency.com,425,42.5,203.47,0,0,179.03,,,,,,12/02/2024
9396,01/04/2025,12/26/2024,1/25/2025,7384219/118/10028,James McAllister,james.mcallister@email.com,07700 900101,"45 High Street, Glasgow, G1 1AA",James McAllister,Bank of Scotland,12345678,80-11-22,"97B Dempster Road,PA15 4ED",Flat,97B Dempster Road,Greenock,PA15 4ED,2,John,Murray,j.murray@email.com,07756 789012,2024-05-26,,425,425,Emma Thompson,Property Manager,emma.t@agency.com,425,42.5,0,0,15.3,367.2,,,,,rent guarantee,01/04/2025
1780,1/17/2023,12/15/2022,3/14/2023,8642097/210/20001,Sarah Henderson,sarah.henderson@email.com,07700 900102,"12 Queen Street, Edinburgh, EH2 1AB",Sarah Henderson,Royal Bank of Scotland,23456789,83-22-33,"38 Arranview Street, ML6 8XN",Terraced,38 Arranview Street,Airdrie,ML6 8XN,3,David,Taylor,d.taylor@email.com,07734 567890,2023-07-15,,525,525,Emma Thompson,Property Manager,emma.t@agency.com,1645,164.5,1150,0,0,330.5,General Maintenance Co,Tom Brown,0141 445 7777,General,repair,1/17/2023
1801,2/21/2023,3/15/2023,4/14/2023,8642097/210/20001,Sarah Henderson,sarah.henderson@email.com,07700 900102,"12 Queen Street, Edinburgh, EH2 1AB",Sarah Henderson,Royal Bank of Scotland,23456789,83-22-33,"38 Arranview Street, ML6 8XN",Terraced,38 Arranview Street,Airdrie,ML6 8XN,3,David,Taylor,d.taylor@email.com,07734 567890,2023-07-15,,525,525,Emma Thompson,Property Manager,emma.t@agency.com,525,52.5,0,0,0,472.5,,,,,,2/21/2023
1850,3/20/2023,4/15/2023,5/14/2023,8642097/210/20001,Sarah Henderson,sarah.henderson@email.com,07700 900102,"12 Queen Street, Edinburgh, EH2 1AB",Sarah Henderson,Royal Bank of Scotland,23456789,83-22-33,"38 Arranview Street, ML6 8XN",Terraced,38 Arranview Street,Airdrie,ML6 8XN,3,David,Taylor,d.taylor@email.com,07734 567890,2023-07-15,,525,525,Emma Thompson,Property Manager,emma.t@agency.com,509.9,50.99,0,0,0,458.91,,,,,,3/21/2023
2863,4/20/2023,5/15/2023,6/14/2023,8642097/210/20001,Sarah Henderson,sarah.henderson@email.com,07700 900102,"12 Queen Street, Edinburgh, EH2 1AB",Sarah Henderson,Royal Bank of Scotland,23456789,83-22-33,"38 Arranview Street, ML6 8XN",Terraced,38 Arranview Street,Airdrie,ML6 8XN,3,David,Taylor,d.taylor@email.com,07734 567890,2023-07-15,,525,525,Emma Thompson,Property Manager,emma.t@agency.com,525,52.5,0,0,0,472.5,,,,,,4/20/2023
3892,5/26/2023,6/15/2023,7/14/2023,8642097/210/20001,Sarah Henderson,sarah.henderson@email.com,07700 900102,"12 Queen Street, Edinburgh, EH2 1AB",Sarah Henderson,Royal Bank of Scotland,23456789,83-22-33,"38 Arranview Street, ML6 8XN",Terraced,38 Arranview Street,Airdrie,ML6 8XN,3,David,Taylor,d.taylor@email.com,07734 567890,2023-07-15,,525,525,Emma Thompson,Property Manager,emma.t@agency.com,525,52.5,0,0,45,427.5,,,,,missing payment,5/26/2023
3920,6/20/2023,7/15/2023,8/14/2023,8642097/210/20001,Sarah Henderson,sarah.henderson@email.com,07700 900102,"12 Queen Street, Edinburgh, EH2 1AB",Sarah Henderson,Royal Bank of Scotland,23456789,83-22-33,"38 Arranview Street, ML6 8XN",Terraced,38 Arranview Street,Airdrie,ML6 8XN,3,David,Taylor,d.taylor@email.com,07734 567890,2023-07-15,,525,525,Emma Thompson,Property Manager,emma.t@agency.com,525,52.5,0,0,0,472.5,,,,,,6/20/2023
4941,7/18/2023,8/15/2023,9/14/2023,8642097/210/20001,Sarah Henderson,sarah.henderson@email.com,07700 900102,"12 Queen Street, Edinburgh, EH2 1AB",Sarah Henderson,Royal Bank of Scotland,23456789,83-22-33,"38 Arranview Street, ML6 8XN",Terraced,38 Arranview Street,Airdrie,ML6 8XN,3,David,Taylor,d.taylor@email.com,07734 567890,2023-07-15,,525,525,Emma Thompson,Property Manager,emma.t@agency.com,525,52.5,0,0,0,472.5,,,,,,7/18/2023
5025,9/19/2023,8/15/2023,10/14/2023,8642097/210/20001,Sarah Henderson,sarah.henderson@email.com,07700 900102,"12 Queen Street, Edinburgh, EH2 1AB",Sarah Henderson,Royal Bank of Scotland,23456789,83-22-33,"38 Arranview Street, ML6 8XN",Terraced,38 Arranview Street,Airdrie,ML6 8XN,3,David,Taylor,d.taylor@email.com,07734 567890,2023-07-15,,525,525,Emma Thompson,Property Manager,emma.t@agency.com,1050,105,0,0,0,945,,,,,,9/19/2023
5059,10/24/2023,10/15/2023,11/14/2023,8642097/210/20001,Sarah Henderson,sarah.henderson@email.com,07700 900102,"12 Queen Street, Edinburgh, EH2 1AB",Sarah Henderson,Royal Bank of Scotland,23456789,83-22-33,"38 Arranview Street, ML6 8XN",Terraced,38 Arranview Street,Airdrie,ML6 8XN,3,David,Taylor,d.taylor@email.com,07734 567890,2023-07-15,,525,525,Emma Thompson,Property Manager,emma.t@agency.com,525,52.5,0,0,0,472.5,,,,,,10/24/2023
6043,11/21/2023,11/15/2023,12/14/2023,8642097/210/20001,Sarah Henderson,sarah.henderson@email.com,07700 900102,"12 Queen Street, Edinburgh, EH2 1AB",Sarah Henderson,Royal Bank of Scotland,23456789,83-22-33,"38 Arranview Street, ML6 8XN",Terraced,38 Arranview Street,Airdrie,ML6 8XN,3,David,Taylor,d.taylor@email.com,07734 567890,2023-07-15,,525,525,Emma Thompson,Property Manager,emma.t@agency.com,525,52.5,0,0,0,472.5,,,,,,11/21/2023
7069,12/20/2023,12/15/2023,1/14/2024,8642097/210/20001,Sarah Henderson,sarah.henderson@email.com,07700 900102,"12 Queen Street, Edinburgh, EH2 1AB",Sarah Henderson,Royal Bank of Scotland,23456789,83-22-33,"38 Arranview Street, ML6 8XN",Terraced,38 Arranview Street,Airdrie,ML6 8XN,3,David,Taylor,d.taylor@email.com,07734 567890,2023-07-15,,525,525,Emma Thompson,Property Manager,emma.t@agency.com,525,52.5,0,0,0,472.5,,,,,,12/20/2023
8072,1/17/2024,1/15/2024,2/14/2024,8642097/210/20001,Sarah Henderson,sarah.henderson@email.com,07700 900102,"12 Queen Street, Edinburgh, EH2 1AB",Sarah Henderson,Royal Bank of Scotland,23456789,83-22-33,"38 Arranview Street, ML6 8XN",Terraced,38 Arranview Street,Airdrie,ML6 8XN,3,David,Taylor,d.taylor@email.com,07734 567890,2023-07-15,,525,525,Emma Thompson,Property Manager,emma.t@agency.com,525,52.5,0,0,0,472.5,,,,,,1/17/2024
8104,2/19/2024,2/15/2024,3/14/2024,8642097/210/20001,Sarah Henderson,sarah.henderson@email.com,07700 900102,"12 Queen Street, Edinburgh, EH2 1AB",Sarah Henderson,Royal Bank of Scotland,23456789,83-22-33,"38 Arranview Street, ML6 8XN",Terraced,38 Arranview Street,Airdrie,ML6 8XN,3,David,Taylor,d.taylor@email.com,07734 567890,2023-07-15,,525,525,Emma Thompson,Property Manager,emma.t@agency.com,525,52.5,0,0,0,472.5,,,,,,2/19/2024
8134,3/19/2024,3/15/2024,4/14/2024,8642097/210/20001,Sarah Henderson,sarah.henderson@email.com,07700 900102,"12 Queen Street, Edinburgh, EH2 1AB",Sarah Henderson,Royal Bank of Scotland,23456789,83-22-33,"38 Arranview Street, ML6 8XN",Terraced,38 Arranview Street,Airdrie,ML6 8XN,3,David,Taylor,d.taylor@email.com,07734 567890,2023-07-15,,525,525,Emma Thompson,Property Manager,emma.t@agency.com,525,52.5,0,0,0,472.5,,,,,,3/19/2024
9151,4/23/2024,4/15/2024,5/14/2024,8642097/210/20001,Sarah Henderson,sarah.henderson@email.com,07700 900102,"12 Queen Street, Edinburgh, EH2 1AB",Sarah Henderson,Royal Bank of Scotland,23456789,83-22-33,"38 Arranview Street, ML6 8XN",Terraced,38 Arranview Street,Airdrie,ML6 8XN,3,David,Taylor,d.taylor@email.com,07734 567890,2023-07-15,,525,525,Emma Thompson,Property Manager,emma.t@agency.com,525,52.5,0,0,0,472.5,,,,,,4/23/2024
9178,5/17/2024,5/15/2024,6/14/2024,8642097/210/20001,Sarah Henderson,sarah.henderson@email.com,07700 900102,"12 Queen Street, Edinburgh, EH2 1AB",Sarah Henderson,Royal Bank of Scotland,23456789,83-22-33,"38 Arranview Street, ML6 8XN",Terraced,38 Arranview Street,Airdrie,ML6 8XN,3,David,Taylor,d.taylor@email.com,07734 567890,2023-07-15,,525,525,Emma Thompson,Property Manager,emma.t@agency.com,525,52.5,0,0,0,472.5,,,,,,5/17/2024
9202,6/18/2024,6/15/2024,7/14/2024,8642097/210/20001,Sarah Henderson,sarah.henderson@email.com,07700 900102,"12 Queen Street, Edinburgh, EH2 1AB",Sarah Henderson,Royal Bank of Scotland,23456789,83-22-33,"38 Arranview Street, ML6 8XN",Terraced,38 Arranview Street,Airdrie,ML6 8XN,3,David,Taylor,d.taylor@email.com,07734 567890,2023-07-15,,525,525,Emma Thompson,Property Manager,emma.t@agency.com,525,52.5,0,0,0,472.5,,,,,,6/18/2024
9222,7/24/2024,7/15/2024,8/14/2024,8642097/210/20001,Sarah Henderson,sarah.henderson@email.com,07700 900102,"12 Queen Street, Edinburgh, EH2 1AB",Sarah Henderson,Royal Bank of Scotland,23456789,83-22-33,"38 Arranview Street, ML6 8XN",Terraced,38 Arranview Street,Airdrie,ML6 8XN,3,David,Taylor,d.taylor@email.com,07734 567890,2023-07-15,,525,525,Emma Thompson,Property Manager,emma.t@agency.com,525,52.5,0,0,0,472.5,,,,,,7/24/2024
9259,8/19/2024,8/15/2024,9/14/2024,8642097/210/20001,Sarah Henderson,sarah.henderson@email.com,07700 900102,"12 Queen Street, Edinburgh, EH2 1AB",Sarah Henderson,Royal Bank of Scotland,23456789,83-22-33,"38 Arranview Street, ML6 8XN",Terraced,38 Arranview Street,Airdrie,ML6 8XN,3,David,Taylor,d.taylor@email.com,07734 567890,2023-07-15,,525,525,Emma Thompson,Property Manager,emma.t@agency.com,525,52.5,0,0,0,472.5,,,,,,8/16/2024
9287,9/17/2024,10/14/2024,11/13/2024,8642097/210/20001,Sarah Henderson,sarah.henderson@email.com,07700 900102,"12 Queen Street, Edinburgh, EH2 1AB",Sarah Henderson,Royal Bank of Scotland,23456789,83-22-33,"38 Arranview Street, ML6 8XN",Terraced,38 Arranview Street,Airdrie,ML6 8XN,3,David,Taylor,d.taylor@email.com,07734 567890,2023-07-15,,525,525,Emma Thompson,Property Manager,emma.t@agency.com,525,52.5,0,0,0,472.5,,,,,,9/17/2024
9314,10/22/2024,10/15/2024,11/14/2024,8642097/210/20001,Sarah Henderson,sarah.henderson@email.com,07700 900102,"12 Queen Street, Edinburgh, EH2 1AB",Sarah Henderson,Royal Bank of Scotland,23456789,83-22-33,"38 Arranview Street, ML6 8XN",Terraced,38 Arranview Street,Airdrie,ML6 8XN,3,David,Taylor,d.taylor@email.com,07734 567890,2023-07-15,,525,525,Emma Thompson,Property Manager,emma.t@agency.com,525,52.5,0,0,0,472.5,,,,,,10/22/2024
9334,11/19/2024,11/15/2024,12/14/2024,8642097/210/20001,Sarah Henderson,sarah.henderson@email.com,07700 900102,"12 Queen Street, Edinburgh, EH2 1AB",Sarah Henderson,Royal Bank of Scotland,23456789,83-22-33,"38 Arranview Street, ML6 8XN",Terraced,38 Arranview Street,Airdrie,ML6 8XN,3,David,Taylor,d.taylor@email.com,07734 567890,2023-07-15,,525,525,Emma Thompson,Property Manager,emma.t@agency.com,525,52.5,255,0,0,217.5,Spark Electric,Mary Johnson,0141 445 2222,Electrical,Install new Oven,11/19/2024
9348,11/19/2024,11/15/2024,12/14/2024,8642097/210/20001,Sarah Henderson,sarah.henderson@email.com,07700 900102,"12 Queen Street, Edinburgh, EH2 1AB",Sarah Henderson,Royal Bank of Scotland,23456789,83-22-33,"38 Arranview Street, ML6 8XN",Terraced,38 Arranview Street,Airdrie,ML6 8XN,3,David,Taylor,d.taylor@email.com,07734 567890,2023-07-15,,525,525,Emma Thompson,Property Manager,emma.t@agency.com,525,52.5,255,0,0,217.5,Spark Electric,Mary Johnson,0141 445 2222,Electrical,Install new Oven,11/12/2024
9372,12/17/2024,12/15/2024,1/14/2025,8642097/210/20001,Sarah Henderson,sarah.henderson@email.com,07700 900102,"12 Queen Street, Edinburgh, EH2 1AB",Sarah Henderson,Royal Bank of Scotland,23456789,83-22-33,"38 Arranview Street, ML6 8XN",Terraced,38 Arranview Street,Airdrie,ML6 8XN,3,David,Taylor,d.taylor@email.com,07734 567890,2023-07-15,,525,525,Emma Thompson,Property Manager,emma.t@agency.com,525,52.5,0,0,0,472.5,,,,,,12/17/2024
9411,1/21/2025,1/15/2025,2/14/2025,8642097/210/20001,Sarah Henderson,sarah.henderson@email.com,07700 900102,"12 Queen Street, Edinburgh, EH2 1AB",Sarah Henderson,Royal Bank of Scotland,23456789,83-22-33,"38 Arranview Street, ML6 8XN",Terraced,38 Arranview Street,Airdrie,ML6 8XN,3,David,Taylor,d.taylor@email.com,07734 567890,2023-07-15,,525,525,Emma Thompson,Property Manager,emma.t@agency.com,525,52.5,0,0,0,472.5,,,,,,1/21/2025
10396,2/18/2025,2/15/2025,3/14/2025,8642097/210/20001,Sarah Henderson,sarah.henderson@email.com,07700 900102,"12 Queen Street, Edinburgh, EH2 1AB",Sarah Henderson,Royal Bank of Scotland,23456789,83-22-33,"38 Arranview Street, ML6 8XN",Terraced,38 Arranview Street,Airdrie,ML6 8XN,3,David,Taylor,d.taylor@email.com,07734 567890,2023-07-15,,525,525,Emma Thompson,Property Manager,emma.t@agency.com,525,52.5,0,0,0,472.5,,,,,,02/11/2025
11411,3/18/2025,3/15/2025,4/14/2025,8642097/210/20001,Sarah Henderson,sarah.henderson@email.com,07700 900102,"12 Queen Street, Edinburgh, EH2 1AB",Sarah Henderson,Royal Bank of Scotland,23456789,83-22-33,"38 Arranview Street, ML6 8XN",Terraced,38 Arranview Street,Airdrie,ML6 8XN,3,David,Taylor,d.taylor@email.com,07734 567890,2023-07-15,,525,525,Emma Thompson,Property Manager,emma.t@agency.com,525,52.5,0,0,0,472.5,,,,,,3/18/2025
12413,4/22/2025,4/15/2025,5/14/2025,8642097/210/20001,Sarah Henderson,sarah.henderson@email.com,07700 900102,"12 Queen Street, Edinburgh, EH2 1AB",Sarah Henderson,Royal Bank of Scotland,23456789,83-22-33,"38 Arranview Street, ML6 8XN",Terraced,38 Arranview Street,Airdrie,ML6 8XN,3,David,Taylor,d.taylor@email.com,07734 567890,2023-07-15,,525,525,Emma Thompson,Property Manager,emma.t@agency.com,525,52.5,0,0,0,472.5,,,,,,4/15/2025
12435,5/20/2025,5/15/2025,6/14/2025,8642097/210/20001,Sarah Henderson,sarah.henderson@email.com,07700 900102,"12 Queen Street, Edinburgh, EH2 1AB",Sarah Henderson,Royal Bank of Scotland,23456789,83-22-33,"38 Arranview Street, ML6 8XN",Terraced,38 Arranview Street,Airdrie,ML6 8XN,3,David,Taylor,d.taylor@email.com,07734 567890,2023-07-15,,525,525,Emma Thompson,Property Manager,emma.t@agency.com,525,52.5,198,0,0,274.5,General Maintenance Co,Tom Brown,0141 445 7777,General,certs,5/20/2025
12454,6/19/2025,6/15/2025,7/14/2025,8642097/210/20001,Sarah Henderson,sarah.henderson@email.com,07700 900102,"12 Queen Street, Edinburgh, EH2 1AB",Sarah Henderson,Royal Bank of Scotland,23456789,83-22-33,"38 Arranview Street, ML6 8XN",Terraced,38 Arranview Street,Airdrie,ML6 8XN,3,David,Taylor,d.taylor@email.com,07734 567890,2023-07-15,,525,525,Emma Thompson,Property Manager,emma.t@agency.com,525,52.5,0,0,0,472.5,,,,,,6/19/2025
12478,7/22/2025,07/12/2025,8/14/2025,8642097/210/20001,Sarah Henderson,sarah.henderson@email.com,07700 900102,"12 Queen Street, Edinburgh, EH2 1AB",Sarah Henderson,Royal Bank of Scotland,23456789,83-22-33,"38 Arranview Street, ML6 8XN",Terraced,38 Arranview Street,Airdrie,ML6 8XN,3,David,Taylor,d.taylor@email.com,07734 567890,2023-07-15,,525,525,Emma Thompson,Property Manager,emma.t@agency.com,525,52.5,0,0,0,472.5,,,,,,7/22/2025
6,10/05/2020,09/03/2020,10/04/2020,1259924/395/06072,Robert Campbell,robert.campbell@email.com,07700 900103,"78 Main Road, Paisley, PA1 2CD",Robert Campbell,Barclays,34567890,20-33-44,"Flat 2,1 Bedford Avenue, G81 2PL",Flat,"Flat 2, 1 Bedford Avenue",Clydebank,G81 2PL,1,Karen,Stewart,k.stewart@email.com,07767 890123,2024-04-20,,400,400,David Mitchell,Property Manager,david.m@agency.com,400,40,0,0,0,360,,,,,,
7,10/05/2020,10/20/2020,11/19/2020,1259924/395/06072,Robert Campbell,robert.campbell@email.com,07700 900103,"78 Main Road, Paisley, PA1 2CD",Robert Campbell,Barclays,34567890,20-33-44,"Flat 2,1 Bedford Avenue, G81 2PL",Flat,"Flat 2, 1 Bedford Avenue",Clydebank,G81 2PL,1,Karen,Stewart,k.stewart@email.com,07767 890123,2024-04-20,,400,400,David Mitchell,Property Manager,david.m@agency.com,400,40,0,0,215,145,,,,,EPC;EICR;PAT,
8,12/02/2020,11/20/2020,12/19/2020,1259924/395/06072,Robert Campbell,robert.campbell@email.com,07700 900103,"78 Main Road, Paisley, PA1 2CD",Robert Campbell,Barclays,34567890,20-33-44,"Flat 2,1 Bedford Avenue, G81 2PL",Flat,"Flat 2, 1 Bedford Avenue",Clydebank,G81 2PL,1,Karen,Stewart,k.stewart@email.com,07767 890123,2024-04-20,,400,400,David Mitchell,Property Manager,david.m@agency.com,400,40,0,0,0,360,,,,,,
9,01/05/2020,12/20/2020,1/19/2021,1259924/395/06072,Robert Campbell,robert.campbell@email.com,07700 900103,"78 Main Road, Paisley, PA1 2CD",Robert Campbell,Barclays,34567890,20-33-44,"Flat 2,1 Bedford Avenue, G81 2PL",Flat,"Flat 2, 1 Bedford Avenue",Clydebank,G81 2PL,1,Karen,Stewart,k.stewart@email.com,07767 890123,2024-04-20,,400,400,David Mitchell,Property Manager,david.m@agency.com,400,40,0,0,0,360,,,,,,
10,02/01/2020,1/20/2021,2/19/2021,1259924/395/06072,Robert Campbell,robert.campbell@email.com,07700 900103,"78 Main Road, Paisley, PA1 2CD",Robert Campbell,Barclays,34567890,20-33-44,"Flat 2,1 Bedford Avenue, G81 2PL",Flat,"Flat 2, 1 Bedford Avenue",Clydebank,G81 2PL,1,Karen,Stewart,k.stewart@email.com,07767 890123,2024-04-20,,400,400,David Mitchell,Property Manager,david.m@agency.com,400,40,95,0,0,265,SafeGas Services,Bob Williams,0141 445 3333,Gas/Heating,Gas Safety Certificate & CO Alarm,
11,03/04/2021,2/20/2021,3/19/2021,1259924/395/06072,Robert Campbell,robert.campbell@email.com,07700 900103,"78 Main Road, Paisley, PA1 2CD",Robert Campbell,Barclays,34567890,20-33-44,"Flat 2,1 Bedford Avenue, G81 2PL",Flat,"Flat 2, 1 Bedford Avenue",Clydebank,G81 2PL,1,Karen,Stewart,k.stewart@email.com,07767 890123,2024-04-20,,400,400,David Mitchell,Property Manager,david.m@agency.com,400,40,0,0,0,360,,,,,,
12,04/02/2021,3/20/2021,4/19/2021,1259924/395/06072,Robert Campbell,robert.campbell@email.com,07700 900103,"78 Main Road, Paisley, PA1 2CD",Robert Campbell,Barclays,34567890,20-33-44,"Flat 2,1 Bedford Avenue, G81 2PL",Flat,"Flat 2, 1 Bedford Avenue",Clydebank,G81 2PL,1,Karen,Stewart,k.stewart@email.com,07767 890123,2024-04-20,,400,400,David Mitchell,Property Manager,david.m@agency.com,400,40,0,0,0,360,,,,,,
13,05/07/2021,4/20/2021,5/19/2021,1259924/395/06072,Robert Campbell,robert.campbell@email.com,07700 900103,"78 Main Road, Paisley, PA1 2CD",Robert Campbell,Barclays,34567890,20-33-44,"Flat 2,1 Bedford Avenue, G81 2PL",Flat,"Flat 2, 1 Bedford Avenue",Clydebank,G81 2PL,1,Karen,Stewart,k.stewart@email.com,07767 890123,2024-04-20,,400,400,David Mitchell,Property Manager,david.m@agency.com,400,40,0,0,0,360,,,,,,
145,06/02/2021,5/20/2021,6/19/2021,1259924/395/06072,Robert Campbell,robert.campbell@email.com,07700 900103,"78 Main Road, Paisley, PA1 2CD",Robert Campbell,Barclays,34567890,20-33-44,"Flat 2,1 Bedford Avenue, G81 2PL",Flat,"Flat 2, 1 Bedford Avenue",Clydebank,G81 2PL,1,Karen,Stewart,k.stewart@email.com,07767 890123,2024-04-20,,400,400,David Mitchell,Property Manager,david.m@agency.com,400,40,0,0,0,360,,,,,,06/02/2021
179,07/02/2021,6/20/2021,7/19/2021,1259924/395/06072,Robert Campbell,robert.campbell@email.com,07700 900103,"78 Main Road, Paisley, PA1 2CD",Robert Campbell,Barclays,34567890,20-33-44,"Flat 2,1 Bedford Avenue, G81 2PL",Flat,"Flat 2, 1 Bedford Avenue",Clydebank,G81 2PL,1,Karen,Stewart,k.stewart@email.com,07767 890123,2024-04-20,,400,400,David Mitchell,Property Manager,david.m@agency.com,400,40,75,0,0,285,QuickFix Plumbing,John Smith,0141 445 1111,Plumbing,Replace cold tap in Bathroom sink,07/02/2021
212,08/06/2021,7/20/2021,8/19/2021,1259924/395/06072,Robert Campbell,robert.campbell@email.com,07700 900103,"78 Main Road, Paisley, PA1 2CD",Robert Campbell,Barclays,34567890,20-33-44,"Flat 2,1 Bedford Avenue, G81 2PL",Flat,"Flat 2, 1 Bedford Avenue",Clydebank,G81 2PL,1,Karen,Stewart,k.stewart@email.com,07767 890123,2024-04-20,,400,400,David Mitchell,Property Manager,david.m@agency.com,400,40,0,0,0,360,,,,,,08/07/2021
250,09/02/2021,8/20/2021,9/19/2021,1259924/395/06072,Robert Campbell,robert.campbell@email.com,07700 900103,"78 Main Road, Paisley, PA1 2CD",Robert Campbell,Barclays,34567890,20-33-44,"Flat 2,1 Bedford Avenue, G81 2PL",Flat,"Flat 2, 1 Bedford Avenue",Clydebank,G81 2PL,1,Karen,Stewart,k.stewart@email.com,07767 890123,2024-04-20,,400,400,David Mitchell,Property Manager,david.m@agency.com,400,40,66,0,0,,,,,,,
299,10/04/2021,9/20/2021,10/19/2021,1259924/395/06072,Robert Campbell,robert.campbell@email.com,07700 900103,"78 Main Road, Paisley, PA1 2CD",Robert Campbell,Barclays,34567890,20-33-44,"Flat 2,1 Bedford Avenue, G81 2PL",Flat,"Flat 2, 1 Bedford Avenue",Clydebank,G81 2PL,1,Karen,Stewart,k.stewart@email.com,07767 890123,2024-04-20,,400,400,David Mitchell,Property Manager,david.m@agency.com,400,40,0,0,0,360,,,,,,10/04/2021
346,11/02/2021,10/20/2021,11/19/2021,1259924/395/06072,Robert Campbell,robert.campbell@email.com,07700 900103,"78 Main Road, Paisley, PA1 2CD",Robert Campbell,Barclays,34567890,20-33-44,"Flat 2,1 Bedford Avenue, G81 2PL",Flat,"Flat 2, 1 Bedford Avenue",Clydebank,G81 2PL,1,Karen,Stewart,k.stewart@email.com,07767 890123,2024-04-20,,400,400,David Mitchell,Property Manager,david.m@agency.com,400,40,0,0,0,360,,,,,,11/02/2021
388,12/03/2021,11/20/2021,12/19/2021,1259924/395/06072,Robert Campbell,robert.campbell@email.com,07700 900103,"78 Main Road, Paisley, PA1 2CD",Robert Campbell,Barclays,34567890,20-33-44,"Flat 2,1 Bedford Avenue, G81 2PL",Flat,"Flat 2, 1 Bedford Avenue",Clydebank,G81 2PL,1,Karen,Stewart,k.stewart@email.com,07767 890123,2024-04-20,,400,400,David Mitchell,Property Manager,david.m@agency.com,400,40,0,0,0,360,,,,,,12/03/2021
440,01/05/2022,12/20/2021,1/19/2022,1259924/395/06072,Robert Campbell,robert.campbell@email.com,07700 900103,"78 Main Road, Paisley, PA1 2CD",Robert Campbell,Barclays,34567890,20-33-44,"Flat 2,1 Bedford Avenue, G81 2PL",Flat,"Flat 2, 1 Bedford Avenue",Clydebank,G81 2PL,1,Karen,Stewart,k.stewart@email.com,07767 890123,2024-04-20,,400,400,David Mitchell,Property Manager,david.m@agency.com,400,40,0,0,0,360,,,,,,01/05/2021
1386,02/02/2022,1/20/2022,2/19/2022,1259924/395/06072,Robert Campbell,robert.campbell@email.com,07700 900103,"78 Main Road, Paisley, PA1 2CD",Robert Campbell,Barclays,34567890,20-33-44,"Flat 2,1 Bedford Avenue, G81 2PL",Flat,"Flat 2, 1 Bedford Avenue",Clydebank,G81 2PL,1,Karen,Stewart,k.stewart@email.com,07767 890123,2024-04-20,,400,400,David Mitchell,Property Manager,david.m@agency.com,400,40,0,0,0,360,,,,,,02/08/2022
1419,03/02/2022,2/20/2022,3/19/2022,1259924/395/06072,Robert Campbell,robert.campbell@email.com,07700 900103,"78 Main Road, Paisley, PA1 2CD",Robert Campbell,Barclays,34567890,20-33-44,"Flat 2,1 Bedford Avenue, G81 2PL",Flat,"Flat 2, 1 Bedford Avenue",Clydebank,G81 2PL,1,Karen,Stewart,k.stewart@email.com,07767 890123,2024-04-20,,400,400,David Mitchell,Property Manager,david.m@agency.com,400,40,0,0,0,360,,,,,,03/02/2022
1467,04/04/2022,3/20/2022,4/19/2022,1259924/395/06072,Robert Campbell,robert.campbell@email.com,07700 900103,"78 Main Road, Paisley, PA1 2CD",Robert Campbell,Barclays,34567890,20-33-44,"Flat 2,1 Bedford Avenue, G81 2PL",Flat,"Flat 2, 1 Bedford Avenue",Clydebank,G81 2PL,1,Karen,Stewart,k.stewart@email.com,07767 890123,2024-04-20,,400,400,David Mitchell,Property Manager,david.m@agency.com,400,40,0,0,0,360,,,,,,04/04/2022
1504,05/04/2022,4/20/2022,5/19/2022,1259924/395/06072,Robert Campbell,robert.campbell@email.com,07700 900103,"78 Main Road, Paisley, PA1 2CD",Robert Campbell,Barclays,34567890,20-33-44,"Flat 2,1 Bedford Avenue, G81 2PL",Flat,"Flat 2, 1 Bedford Avenue",Clydebank,G81 2PL,1,Karen,Stewart,k.stewart@email.com,07767 890123,2024-04-20,,400,400,David Mitchell,Property Manager,david.m@agency.com,400,40,0,0,0,360,,,,,,05/04/2022
1537,06/06/2022,5/22/2022,6/19/2022,1259924/395/06072,Robert Campbell,robert.campbell@email.com,07700 900103,"78 Main Road, Paisley, PA1 2CD",Robert Campbell,Barclays,34567890,20-33-44,"Flat 2,1 Bedford Avenue, G81 2PL",Flat,"Flat 2, 1 Bedford Avenue",Clydebank,G81 2PL,1,Karen,Stewart,k.stewart@email.com,07767 890123,2024-04-20,,400,400,David Mitchell,Property Manager,david.m@agency.com,400,40,0,0,50,310,,,,,PAT,06/06/2022
1566,07/04/2022,6/20/2022,7/19/2022,1259924/395/06072,Robert Campbell,robert.campbell@email.com,07700 900103,"78 Main Road, Paisley, PA1 2CD",Robert Campbell,Barclays,34567890,20-33-44,"Flat 2,1 Bedford Avenue, G81 2PL",Flat,"Flat 2, 1 Bedford Avenue",Clydebank,G81 2PL,1,Karen,Stewart,k.stewart@email.com,07767 890123,2024-04-20,,400,400,David Mitchell,Property Manager,david.m@agency.com,400,40,0,0,0,360,,,,,,07/04/2022
1595,08/04/2022,7/20/2022,8/19/2022,1259924/395/06072,Robert Campbell,robert.campbell@email.com,07700 900103,"78 Main Road, Paisley, PA1 2CD",Robert Campbell,Barclays,34567890,20-33-44,"Flat 2,1 Bedford Avenue, G81 2PL",Flat,"Flat 2, 1 Bedford Avenue",Clydebank,G81 2PL,1,Karen,Stewart,k.stewart@email.com,07767 890123,2024-04-20,,400,400,David Mitchell,Property Manager,david.m@agency.com,400,40,0,0,0,360,,,,,,08/04/2022
1630,09/02/2022,8/20/2022,9/19/2022,1259924/395/06072,Robert Campbell,robert.campbell@email.com,07700 900103,"78 Main Road, Paisley, PA1 2CD",Robert Campbell,Barclays,34567890,20-33-44,"Flat 2,1 Bedford Avenue, G81 2PL",Flat,"Flat 2, 1 Bedford Avenue",Clydebank,G81 2PL,1,Karen,Stewart,k.stewart@email.com,07767 890123,2024-04-20,,400,400,David Mitchell,Property Manager,david.m@agency.com,400,40,0,0,0,360,,,,,,09/02/2022
1668,10/04/2022,9/20/2022,10/19/2022,1259924/395/06072,Robert Campbell,robert.campbell@email.com,07700 900103,"78 Main Road, Paisley, PA1 2CD",Robert Campbell,Barclays,34567890,20-33-44,"Flat 2,1 Bedford Avenue, G81 2PL",Flat,"Flat 2, 1 Bedford Avenue",Clydebank,G81 2PL,1,Karen,Stewart,k.stewart@email.com,07767 890123,2024-04-20,,400,400,David Mitchell,Property Manager,david.m@agency.com,400,40,0,0,0,360,,,,,,10/04/2022
1704,11/02/2022,10/20/2022,11/19/2022,1259924/395/06072,Robert Campbell,robert.campbell@email.com,07700 900103,"78 Main Road, Paisley, PA1 2CD",Robert Campbell,Barclays,34567890,20-33-44,"Flat 2,1 Bedford Avenue, G81 2PL",Flat,"Flat 2, 1 Bedford Avenue",Clydebank,G81 2PL,1,Karen,Stewart,k.stewart@email.com,07767 890123,2024-04-20,,400,400,David Mitchell,Property Manager,david.m@agency.com,400,40,0,0,0,360,,,,,,11/02/2022
1739,12/05/2022,11/20/2022,12/19/2022,1259924/395/06072,Robert Campbell,robert.campbell@email.com,07700 900103,"78 Main Road, Paisley, PA1 2CD",Robert Campbell,Barclays,34567890,20-33-44,"Flat 2,1 Bedford Avenue, G81 2PL",Flat,"Flat 2, 1 Bedford Avenue",Clydebank,G81 2PL,1,Karen,Stewart,k.stewart@email.com,07767 890123,2024-04-20,,400,400,David Mitchell,Property Manager,david.m@agency.com,400,40,0,0,0,360,,,,,,12/06/2022
1760,01/04/2023,12/20/2022,1/19/2023,1259924/395/06072,Robert Campbell,robert.campbell@email.com,07700 900103,"78 Main Road, Paisley, PA1 2CD",Robert Campbell,Barclays,34567890,20-33-44,"Flat 2,1 Bedford Avenue, G81 2PL",Flat,"Flat 2, 1 Bedford Avenue",Clydebank,G81 2PL,1,Karen,Stewart,k.stewart@email.com,07767 890123,2024-04-20,,400,400,David Mitchell,Property Manager,david.m@agency.com,400,40,0,0,0,360,,,,,,01/04/2023
1786,02/02/2023,1/20/2023,2/19/2023,1259924/395/06072,Robert Campbell,robert.campbell@email.com,07700 900103,"78 Main Road, Paisley, PA1 2CD",Robert Campbell,Barclays,34567890,20-33-44,"Flat 2,1 Bedford Avenue, G81 2PL",Flat,"Flat 2, 1 Bedford Avenue",Clydebank,G81 2PL,1,Karen,Stewart,k.stewart@email.com,07767 890123,2024-04-20,,400,400,David Mitchell,Property Manager,david.m@agency.com,400,40,0,0,0,360,,,,,,02/02/2023
1826,03/02/2023,2/20/2023,3/19/2023,1259924/395/06072,Robert Campbell,robert.campbell@email.com,07700 900103,"78 Main Road, Paisley, PA1 2CD",Robert Campbell,Barclays,34567890,20-33-44,"Flat 2,1 Bedford Avenue, G81 2PL",Flat,"Flat 2, 1 Bedford Avenue",Clydebank,G81 2PL,1,Karen,Stewart,k.stewart@email.com,07767 890123,2024-04-20,,400,400,David Mitchell,Property Manager,david.m@agency.com,400,40,0,0,0,360,,,,,,03/02/2023
2836,04/04/2023,3/20/2023,4/19/2023,1259924/395/06072,Robert Campbell,robert.campbell@email.com,07700 900103,"78 Main Road, Paisley, PA1 2CD",Robert Campbell,Barclays,34567890,20-33-44,"Flat 2,1 Bedford Avenue, G81 2PL",Flat,"Flat 2, 1 Bedford Avenue",Clydebank,G81 2PL,1,Karen,Stewart,k.stewart@email.com,07767 890123,2024-04-20,,400,400,David Mitchell,Property Manager,david.m@agency.com,400,40,0,0,0,360,,,,,,04/04/2023
2876,05/04/2023,4/20/2023,5/19/2023,1259924/395/06072,Robert Campbell,robert.campbell@email.com,07700 900103,"78 Main Road, Paisley, PA1 2CD",Robert Campbell,Barclays,34567890,20-33-44,"Flat 2,1 Bedford Avenue, G81 2PL",Flat,"Flat 2, 1 Bedford Avenue",Clydebank,G81 2PL,1,Karen,Stewart,k.stewart@email.com,07767 890123,2024-04-20,,400,400,David Mitchell,Property Manager,david.m@agency.com,400,40,0,0,0,360,,,,,,05/04/2023
3893,5/26/2023,5/20/2023,6/19/2023,1259924/395/06072,Robert Campbell,robert.campbell@email.com,07700 900103,"78 Main Road, Paisley, PA1 2CD",Robert Campbell,Barclays,34567890,20-33-44,"Flat 2,1 Bedford Avenue, G81 2PL",Flat,"Flat 2, 1 Bedford Avenue",Clydebank,G81 2PL,1,Karen,Stewart,k.stewart@email.com,07767 890123,2024-04-20,,400,400,David Mitchell,Property Manager,david.m@agency.com,400,40,0,0,0,360,,,,,,5/26/2023
3921,6/21/2023,6/20/2023,7/19/2023,1259924/395/06072,Robert Campbell,robert.campbell@email.com,07700 900103,"78 Main Road, Paisley, PA1 2CD",Robert Campbell,Barclays,34567890,20-33-44,"Flat 2,1 Bedford Avenue, G81 2PL",Flat,"Flat 2, 1 Bedford Avenue",Clydebank,G81 2PL,1,Karen,Stewart,k.stewart@email.com,07767 890123,2024-04-20,,400,400,David Mitchell,Property Manager,david.m@agency.com,400,40,0,0,0,360,,,,,,6/21/2023
4919,6/21/2023,6/20/2023,7/19/2023,1259924/395/06072,Robert Campbell,robert.campbell@email.com,07700 900103,"78 Main Road, Paisley, PA1 2CD",Robert Campbell,Barclays,34567890,20-33-44,"Flat 2,1 Bedford Avenue, G81 2PL",Flat,"Flat 2, 1 Bedford Avenue",Clydebank,G81 2PL,1,Karen,Stewart,k.stewart@email.com,07767 890123,2024-04-20,,400,400,David Mitchell,Property Manager,david.m@agency.com,400,40,0,0,0,360,,,,,,6/21/2023
4955,7/25/2023,7/20/2023,8/19/2023,1259924/395/06072,Robert Campbell,robert.campbell@email.com,07700 900103,"78 Main Road, Paisley, PA1 2CD",Robert Campbell,Barclays,34567890,20-33-44,"Flat 2,1 Bedford Avenue, G81 2PL",Flat,"Flat 2, 1 Bedford Avenue",Clydebank,G81 2PL,1,Karen,Stewart,k.stewart@email.com,07767 890123,2024-04-20,,400,400,David Mitchell,Property Manager,david.m@agency.com,400,40,0,0,0,360,,,,,,7/25/2023
4988,8/22/2023,8/20/2023,9/19/2023,1259924/395/06072,Robert Campbell,robert.campbell@email.com,07700 900103,"78 Main Road, Paisley, PA1 2CD",Robert Campbell,Barclays,34567890,20-33-44,"Flat 2,1 Bedford Avenue, G81 2PL",Flat,"Flat 2, 1 Bedford Avenue",Clydebank,G81 2PL,1,Karen,Stewart,k.stewart@email.com,07767 890123,2024-04-20,,400,400,David Mitchell,Property Manager,david.m@agency.com,400,40,0,0,0,360,,,,,,8/22/2023
5034,9/21/2023,9/20/2023,10/19/2023,1259924/395/06072,Robert Campbell,robert.campbell@email.com,07700 900103,"78 Main Road, Paisley, PA1 2CD",Robert Campbell,Barclays,34567890,20-33-44,"Flat 2,1 Bedford Avenue, G81 2PL",Flat,"Flat 2, 1 Bedford Avenue",Clydebank,G81 2PL,1,Karen,Stewart,k.stewart@email.com,07767 890123,2024-04-20,,400,400,David Mitchell,Property Manager,david.m@agency.com,400,40,193,0,0,167,,,,,,9/21/2023
5065,10/24/2023,10/20/2023,11/19/2023,1259924/395/06072,Robert Campbell,robert.campbell@email.com,07700 900103,"78 Main Road, Paisley, PA1 2CD",Robert Campbell,Barclays,34567890,20-33-44,"Flat 2,1 Bedford Avenue, G81 2PL",Flat,"Flat 2, 1 Bedford Avenue",Clydebank,G81 2PL,1,Karen,Stewart,k.stewart@email.com,07767 890123,2024-04-20,,400,400,David Mitchell,Property Manager,david.m@agency.com,400,40,0,0,0,360,,,,,,10/24/2023
6044,11/21/2023,11/20/2023,12/19/2023,1259924/395/06072,Robert Campbell,robert.campbell@email.com,07700 900103,"78 Main Road, Paisley, PA1 2CD",Robert Campbell,Barclays,34567890,20-33-44,"Flat 2,1 Bedford Avenue, G81 2PL",Flat,"Flat 2, 1 Bedford Avenue",Clydebank,G81 2PL,1,Karen,Stewart,k.stewart@email.com,07767 890123,2024-04-20,,400,400,David Mitchell,Property Manager,david.m@agency.com,400,40,0,0,0,360,,,,,,11/21/2023
7083,12/22/2023,12/20/2023,1/19/2024,1259924/395/06072,Robert Campbell,robert.campbell@email.com,07700 900103,"78 Main Road, Paisley, PA1 2CD",Robert Campbell,Barclays,34567890,20-33-44,"Flat 2,1 Bedford Avenue, G81 2PL",Flat,"Flat 2, 1 Bedford Avenue",Clydebank,G81 2PL,1,Karen,Stewart,k.stewart@email.com,07767 890123,2024-04-20,,400,400,David Mitchell,Property Manager,david.m@agency.com,400,40,0,0,0,360,,,,,,12/22/2023
8079,1/23/2024,1/20/2024,2/19/2024,1259924/395/06072,Robert Campbell,robert.campbell@email.com,07700 900103,"78 Main Road, Paisley, PA1 2CD",Robert Campbell,Barclays,34567890,20-33-44,"Flat 2,1 Bedford Avenue, G81 2PL",Flat,"Flat 2, 1 Bedford Avenue",Clydebank,G81 2PL,1,Karen,Stewart,k.stewart@email.com,07767 890123,2024-04-20,,400,400,David Mitchell,Property Manager,david.m@agency.com,400,40,0,0,0,360,,,,,,1/23/2024
8111,2/23/2024,2/20/2024,3/19/2024,1259924/395/06072,Robert Campbell,robert.campbell@email.com,07700 900103,"78 Main Road, Paisley, PA1 2CD",Robert Campbell,Barclays,34567890,20-33-44,"Flat 2,1 Bedford Avenue, G81 2PL",Flat,"Flat 2, 1 Bedford Avenue",Clydebank,G81 2PL,1,Karen,Stewart,k.stewart@email.com,07767 890123,2024-04-20,,400,400,David Mitchell,Property Manager,david.m@agency.com,400,40,0,0,0,360,,,,,,2/23/2024
9124,3/21/2024,3/20/2024,4/19/2024,1259924/395/06072,Robert Campbell,robert.campbell@email.com,07700 900103,"78 Main Road, Paisley, PA1 2CD",Robert Campbell,Barclays,34567890,20-33-44,"Flat 2,1 Bedford Avenue, G81 2PL",Flat,"Flat 2, 1 Bedford Avenue",Clydebank,G81 2PL,1,Karen,Stewart,k.stewart@email.com,07767 890123,2024-04-20,,400,400,David Mitchell,Property Manager,david.m@agency.com,400,40,0,0,0,360,,,,,,3/21/2024
9153,4/23/2024,4/20/2024,5/19/2024,1259924/395/06072,Robert Campbell,robert.campbell@email.com,07700 900103,"78 Main Road, Paisley, PA1 2CD",Robert Campbell,Barclays,34567890,20-33-44,"Flat 2,1 Bedford Avenue, G81 2PL",Flat,"Flat 2, 1 Bedford Avenue",Clydebank,G81 2PL,1,Karen,Stewart,k.stewart@email.com,07767 890123,2024-04-20,,400,400,David Mitchell,Property Manager,david.m@agency.com,400,40,0,0,0,360,,,,,,4/23/2024
9180,5/28/2024,5/20/2024,6/19/2024,1259924/395/06072,Robert Campbell,robert.campbell@email.com,07700 900103,"78 Main Road, Paisley, PA1 2CD",Robert Campbell,Barclays,34567890,20-33-44,"Flat 2,1 Bedford Avenue, G81 2PL",Flat,"Flat 2, 1 Bedford Avenue",Clydebank,G81 2PL,1,Karen,Stewart,k.stewart@email.com,07767 890123,2024-04-20,,400,400,David Mitchell,Property Manager,david.m@agency.com,400,40,0,0,0,360,,,,,,5/28/2024
9205,6/25/2024,6/20/2024,7/19/2024,1259924/395/06072,Robert Campbell,robert.campbell@email.com,07700 900103,"78 Main Road, Paisley, PA1 2CD",Robert Campbell,Barclays,34567890,20-33-44,"Flat 2,1 Bedford Avenue, G81 2PL",Flat,"Flat 2, 1 Bedford Avenue",Clydebank,G81 2PL,1,Karen,Stewart,k.stewart@email.com,07767 890123,2024-04-20,,400,400,David Mitchell,Property Manager,david.m@agency.com,400,40,0,0,0,360,,,,,,6/25/2024
9223,7/24/2024,7/20/2024,8/19/2024,1259924/395/06072,Robert Campbell,robert.campbell@email.com,07700 900103,"78 Main Road, Paisley, PA1 2CD",Robert Campbell,Barclays,34567890,20-33-44,"Flat 2,1 Bedford Avenue, G81 2PL",Flat,"Flat 2, 1 Bedford Avenue",Clydebank,G81 2PL,1,Karen,Stewart,k.stewart@email.com,07767 890123,2024-04-20,,400,400,David Mitchell,Property Manager,david.m@agency.com,400,40,240,0,0,120,,,,,,7/24/2024
9264,8/21/2024,8/20/2024,9/19/2024,1259924/395/06072,Robert Campbell,robert.campbell@email.com,07700 900103,"78 Main Road, Paisley, PA1 2CD",Robert Campbell,Barclays,34567890,20-33-44,"Flat 2,1 Bedford Avenue, G81 2PL",Flat,"Flat 2, 1 Bedford Avenue",Clydebank,G81 2PL,1,Karen,Stewart,k.stewart@email.com,07767 890123,2024-04-20,,400,400,David Mitchell,Property Manager,david.m@agency.com,400,40,60,0,0,,General Maintenance Co,Tom Brown,0141 445 7777,General,Uplift and disposal,
9291,9/23/2024,9/20/2024,10/19/2024,1259924/395/06072,Robert Campbell,robert.campbell@email.com,07700 900103,"78 Main Road, Paisley, PA1 2CD",Robert Campbell,Barclays,34567890,20-33-44,"Flat 2,1 Bedford Avenue, G81 2PL",Flat,"Flat 2, 1 Bedford Avenue",Clydebank,G81 2PL,1,Karen,Stewart,k.stewart@email.com,07767 890123,2024-04-20,,400,400,David Mitchell,Property Manager,david.m@agency.com,400,40,0,0,0,360,,,,,,9/23/2024
9315,10/22/2024,10/20/2024,11/19/2024,1259924/395/06072,Robert Campbell,robert.campbell@email.com,07700 900103,"78 Main Road, Paisley, PA1 2CD",Robert Campbell,Barclays,34567890,20-33-44,"Flat 2,1 Bedford Avenue, G81 2PL",Flat,"Flat 2, 1 Bedford Avenue",Clydebank,G81 2PL,1,Karen,Stewart,k.stewart@email.com,07767 890123,2024-04-20,,400,400,David Mitchell,Property Manager,david.m@agency.com,400,40,0,0,0,360,,,,,,10/22/2024
9344,11/21/2024,11/20/2024,12/19/2024,1259924/395/06072,Robert Campbell,robert.campbell@email.com,07700 900103,"78 Main Road, Paisley, PA1 2CD",Robert Campbell,Barclays,34567890,20-33-44,"Flat 2,1 Bedford Avenue, G81 2PL",Flat,"Flat 2, 1 Bedford Avenue",Clydebank,G81 2PL,1,Karen,Stewart,k.stewart@email.com,07767 890123,2024-04-20,,400,400,David Mitchell,Property Manager,david.m@agency.com,400,40,143,0,0,217,General Maintenance Co,Tom Brown,0141 445 7777,General,certs,11/21/2024
9357,11/21/2024,11/20/2024,12/19/2024,1259924/395/06072,Robert Campbell,robert.campbell@email.com,07700 900103,"78 Main Road, Paisley, PA1 2CD",Robert Campbell,Barclays,34567890,20-33-44,"Flat 2,1 Bedford Avenue, G81 2PL",Flat,"Flat 2, 1 Bedford Avenue",Clydebank,G81 2PL,1,Karen,Stewart,k.stewart@email.com,07767 890123,2024-04-20,,400,400,David Mitchell,Property Manager,david.m@agency.com,400,40,143,0,0,217,SafeGas Services,Bob Williams,0141 445 3333,Gas/Heating,Annual gas safety; Annual legionella,11/21/2024
9382,12/24/2024,12/20/2024,1/19/2024,1259924/395/06072,Robert Campbell,robert.campbell@email.com,07700 900103,"78 Main Road, Paisley, PA1 2CD",Robert Campbell,Barclays,34567890,20-33-44,"Flat 2,1 Bedford Avenue, G81 2PL",Flat,"Flat 2, 1 Bedford Avenue",Clydebank,G81 2PL,1,Karen,Stewart,k.stewart@email.com,07767 890123,2024-04-20,,400,400,David Mitchell,Property Manager,david.m@agency.com,400,40,0,0,0,360,,,,,***,12/24/2024
9412,1/21/2025,1/20/2025,2/19/2025,1259924/395/06072,Robert Campbell,robert.campbell@email.com,07700 900103,"78 Main Road, Paisley, PA1 2CD",Robert Campbell,Barclays,34567890,20-33-44,"Flat 2,1 Bedford Avenue, G81 2PL",Flat,"Flat 2, 1 Bedford Avenue",Clydebank,G81 2PL,1,Karen,Stewart,k.stewart@email.com,07767 890123,2024-04-20,,400,400,David Mitchell,Property Manager,david.m@agency.com,400,40,0,0,0,360,,,,,,1/21/2025
10402,2/25/2025,02/02/2025,3/19/2025,1259924/395/06072,Robert Campbell,robert.campbell@email.com,07700 900103,"78 Main Road, Paisley, PA1 2CD",Robert Campbell,Barclays,34567890,20-33-44,"Flat 2,1 Bedford Avenue, G81 2PL",Flat,"Flat 2, 1 Bedford Avenue",Clydebank,G81 2PL,1,Karen,Stewart,k.stewart@email.com,07767 890123,2024-04-20,,400,400,David Mitchell,Property Manager,david.m@agency.com,400,40,102,0,0,258,,,,,,2/25/2025
11414,3/25/2025,3/20/2025,4/19/2025,1259924/395/06072,Robert Campbell,robert.campbell@email.com,07700 900103,"78 Main Road, Paisley, PA1 2CD",Robert Campbell,Barclays,34567890,20-33-44,"Flat 2,1 Bedford Avenue, G81 2PL",Flat,"Flat 2, 1 Bedford Avenue",Clydebank,G81 2PL,1,Karen,Stewart,k.stewart@email.com,07767 890123,2024-04-20,,400,400,David Mitchell,Property Manager,david.m@agency.com,400,40,0,0,0,360,,,,,,3/25/2025
12416,4/24/2025,4/20/2025,5/19/2025,1259924/395/06072,Robert Campbell,robert.campbell@email.com,07700 900103,"78 Main Road, Paisley, PA1 2CD",Robert Campbell,Barclays,34567890,20-33-44,"Flat 2,1 Bedford Avenue, G81 2PL",Flat,"Flat 2, 1 Bedford Avenue",Clydebank,G81 2PL,1,Karen,Stewart,k.stewart@email.com,07767 890123,2024-04-20,,400,400,David Mitchell,Property Manager,david.m@agency.com,400,40,0,0,0,360,,,,,,4/24/2025
12438,5/22/2025,5/20/2025,6/19/2025,1259924/395/06072,Robert Campbell,robert.campbell@email.com,07700 900103,"78 Main Road, Paisley, PA1 2CD",Robert Campbell,Barclays,34567890,20-33-44,"Flat 2,1 Bedford Avenue, G81 2PL",Flat,"Flat 2, 1 Bedford Avenue",Clydebank,G81 2PL,1,Karen,Stewart,k.stewart@email.com,07767 890123,2024-04-20,,400,400,David Mitchell,Property Manager,david.m@agency.com,400,40,0,0,0,360,,,,,,5/22/2025
12461,6/24/2025,6/20/2025,7/19/2025,1259924/395/06072,Robert Campbell,robert.campbell@email.com,07700 900103,"78 Main Road, Paisley, PA1 2CD",Robert Campbell,Barclays,34567890,20-33-44,"Flat 2,1 Bedford Avenue, G81 2PL",Flat,"Flat 2, 1 Bedford Avenue",Clydebank,G81 2PL,1,Karen,Stewart,k.stewart@email.com,07767 890123,2024-04-20,,400,400,David Mitchell,Property Manager,david.m@agency.com,400,40,0,0,0,360,,,,,,6/24/2025
12482,7/22/2025,7/20/2025,8/19/2025,1259924/395/06072,Robert Campbell,robert.campbell@email.com,07700 900103,"78 Main Road, Paisley, PA1 2CD",Robert Campbell,Barclays,34567890,20-33-44,"Flat 2,1 Bedford Avenue, G81 2PL",Flat,"Flat 2, 1 Bedford Avenue",Clydebank,G81 2PL,1,Karen,Stewart,k.stewart@email.com,07767 890123,2024-04-20,,400,400,David Mitchell,Property Manager,david.m@agency.com,400,40,0,0,0,360,,,,,,7/22/2025
12483,6/19/2023,7/15/2023,8/14/2023,8642097/210/20001,Sarah Henderson,sarah.henderson@email.com,07700 900102,"12 Queen Street, Edinburgh, EH2 1AB",Sarah Henderson,Royal Bank of Scotland,23456789,83-22-33,"38 Arranview Street, ML6 8XN",Terraced,38 Arranview Street,Airdrie,ML6 8XN,3,David,Taylor,d.taylor@email.com,07734 567890,2023-07-15,,525,525,Emma Thompson,Property Manager,emma.t@agency.com,525,52.5,0,0,0,472.5,,,,,,6/19/2023
12484,8/19/2025,8/15/2025,9/14/2025,8642097/210/20001,Sarah Henderson,sarah.henderson@email.com,07700 900102,"12 Queen Street, Edinburgh, EH2 1AB",Sarah Henderson,Royal Bank of Scotland,23456789,83-22-33,"38 Arranview Street, ML6 8XN",Terraced,38 Arranview Street,Airdrie,ML6 8XN,3,David,Taylor,d.taylor@email.com,07734 567890,2023-07-15,,525,525,Emma Thompson,Property Manager,emma.t@agency.com,525,52.5,0,0,0,472.5,,,,,,8/19/2025
12485,11/06/2020,10/05/2020,06/11/2020,1259924/395/06072,Robert Campbell,robert.campbell@email.com,07700 900103,"78 Main Road, Paisley, PA1 2CD",Robert Campbell,Barclays,34567890,20-33-44,"Flat 2,1 Bedford Avenue, G81 2PL",Flat,"Flat 2, 1 Bedford Avenue",Clydebank,G81 2PL,1,Karen,Stewart,k.stewart@email.com,07767 890123,2024-04-20,,400,400,David Mitchell,Property Manager,david.m@agency.com,400,40,0,0,215,145,,,,,14/10/2020 Energy Performance Certificate 65.00; 28/10/2020 Electrical Inspection Condition Report and PAT; total_mismatch expected=-70.0 got=65.0,11/06/2020
12486,01/05/2021,12/02/2020,01/05/2021,1259924/395/06072,Robert Campbell,robert.campbell@email.com,07700 900103,"78 Main Road, Paisley, PA1 2CD",Robert Campbell,Barclays,34567890,20-33-44,"Flat 2,1 Bedford Avenue, G81 2PL",Flat,"Flat 2, 1 Bedford Avenue",Clydebank,G81 2PL,1,Karen,Stewart,k.stewart@email.com,07767 890123,2024-04-20,,400,400,David Mitchell,Property Manager,david.m@agency.com,400,40,0,0,0,360,,,,,,01/05/2021
12487,02/01/2021,01/05/2021,02/01/2021,1259924/395/06072,Robert Campbell,robert.campbell@email.com,07700 900103,"78 Main Road, Paisley, PA1 2CD",Robert Campbell,Barclays,34567890,20-33-44,"Flat 2,1 Bedford Avenue, G81 2PL",Flat,"Flat 2, 1 Bedford Avenue",Clydebank,G81 2PL,1,Karen,Stewart,k.stewart@email.com,07767 890123,2024-04-20,,400,400,David Mitchell,Property Manager,david.m@agency.com,400,40,190,0,95,265,SafeGas Services,Bob Williams,0141 445 3333,Gas/Heating,12/01/2021 Gas Safety Certificate & CO Alarm 95.00; 12/01/2021 Gas Safety Certificate & CO Alarm; total_mismatch expected=-20.0 got=95.0,02/01/2021
12488,04/02/2021,3/20/2021,04/02/2021,1259924/395/06072,Robert Campbell,robert.campbell@email.com,07700 900103,"78 Main Road, Paisley, PA1 2CD",Robert Campbell,Barclays,34567890,20-33-44,"Flat 2,1 Bedford Avenue, G81 2PL",Flat,"Flat 2, 1 Bedford Avenue",Clydebank,G81 2PL,1,Karen,Stewart,k.stewart@email.com,07767 890123,2024-04-20,,400,400,David Mitchell,Property Manager,david.m@agency.com,400,40,0,0,0,360,,,,,,04/02/2021
12489,08/07/2021,7/20/2021,8/19/2021,1259924/395/06072,Robert Campbell,robert.campbell@email.com,07700 900103,"78 Main Road, Paisley, PA1 2CD",Robert Campbell,Barclays,34567890,20-33-44,"Flat 2,1 Bedford Avenue, G81 2PL",Flat,"Flat 2, 1 Bedford Avenue",Clydebank,G81 2PL,1,Karen,Stewart,k.stewart@email.com,07767 890123,2024-04-20,,400,400,David Mitchell,Property Manager,david.m@agency.com,400,40,0,0,0,360,,,,,,08/07/2021
12490,11/26/2024,11/19/2024,12/18/2024,1259924/395/06072,Robert Campbell,robert.campbell@email.com,07700 900103,"78 Main Road, Paisley, PA1 2CD",Robert Campbell,Barclays,34567890,20-33-44,"Flat 2,1 Bedford Avenue, G81 2PL",Flat,"Flat 2, 1 Bedford Avenue",Clydebank,G81 2PL,1,Karen,Stewart,k.stewart@email.com,07767 890123,2024-04-20,,400,400,David Mitchell,Property Manager,david.m@agency.com,350,35,0,0,0,315,,,,,,11/26/2024
12491,8/21/2025,8/20/2025,9/19/2025,1259924/395/06072,Robert Campbell,robert.campbell@email.com,07700 900103,"78 Main Road, Paisley, PA1 2CD",Robert Campbell,Barclays,34567890,20-33-44,"Flat 2,1 Bedford Avenue, G81 2PL",Flat,"Flat 2, 1 Bedford Avenue",Clydebank,G81 2PL,1,Karen,Stewart,k.stewart@email.com,07767 890123,2024-04-20,,400,400,David Mitchell,Property Manager,david.m@agency.com,400,40,0,0,0,360,,,,,,8/21/2025
12492,4/22/2022,,,7384219/118/10028,James McAllister,james.mcallister@email.com,07700 900101,"45 High Street, Glasgow, G1 1AA",James McAllister,Bank of Scotland,12345678,80-11-22,"97B Dempster Road,PA15 4ED",Flat,97B Dempster Road,Greenock,PA15 4ED,2,John,Murray,j.murray@email.com,07756 789012,2024-05-26,,425,425,Emma Thompson,Property Manager,emma.t@agency.com,991.67,0,281.67,350,360,360,General Maintenance Co,Tom Brown,0141 445 7777,General,VAT INVOICES; Safe Deposit Safe Deposit Scotland - Deposit 350.00,4/22/2022
